reference,indice,mois,n,valeur,etendue_pct,brut,rapport,fournisseurs
Epex DAM (M-1),BELIX,2026-06,1,91.77,0.0,91.77,1.0,cociter
Epex DAM (M-1),BELIX,2026-07,1,112.13,0.0,112.13,1.0,cociter
Epex DAM (M-1),BELIX,2026-08,1,109.25,0.0,109.25,1.0,cociter
Epex DAM (M-1),BELIX,2026-09,1,108.52,0.0,129.32,0.8392,cociter
Epex DAM (M-1),BELPEXM_RLP,2026-01,4,87.237,0.05,85.35,1.0221,total
Epex DAM (M-1),BELPEXM_RLP,2026-02,4,111.04,0.02,108.52,1.0232,total
Epex DAM (M-1),BELPEXM_RLP,2026-03,5,87.456,0.02,85.13,1.0273,total
Epex DAM (M-1),BELPEXM_RLP,2026-04,2,97.651,0.06,92.57,1.0549,total
Epex DAM (M-1),BELPEXM_RLP,2026-05,4,84.721,0.06,78.94,1.0732,total
Epex DAM (M-1),BELPEXM_RLP,2026-06,4,98.102,0.03,91.77,1.069,total
Epex DAM (M-1),BELPEXM_RLP,2026-07,4,121.068,0.04,112.13,1.0797,total
Epex DAM (M-1),BELPEXM_RLP,2026-08,4,114.458,0.05,109.25,1.0477,total
Epex DAM (M-1),BELPEXM_RLP,2026-09,4,135.114,0.03,129.32,1.0448,total
Epex DAM (M-1),Belpex,2026-01,1,85.351,0.0,85.35,1.0,luminus
Epex DAM (trimestre),Belpex,2026-01,1,82.185,0.0,82.23,0.9994,luminus
Epex DAM (M-1),Belpex,2026-02,1,108.461,0.0,108.52,0.9995,luminus
Epex DAM (trimestre),Belpex,2026-02,1,82.19,0.0,82.23,0.9995,luminus
Epex DAM (M-1),Belpex,2026-03,1,85.087,0.0,85.13,0.9995,luminus
Epex DAM (trimestre),Belpex,2026-03,1,82.19,0.0,82.23,0.9995,luminus
Epex DAM (M-1),Belpex,2026-04,1,92.566,0.0,92.57,1.0,luminus
Epex DAM (trimestre),Belpex,2026-04,1,95.725,0.0,95.407,1.0033,luminus
Epex DAM (M-1),Belpex,2026-05,1,78.941,0.0,78.94,1.0,luminus
Epex DAM (trimestre),Belpex,2026-05,1,95.725,0.0,95.407,1.0033,luminus
Epex DAM (M-1),Belpex,2026-06,1,91.719,0.0,91.77,0.9994,luminus
Epex DAM (trimestre),Belpex,2026-06,1,95.725,0.0,95.407,1.0033,luminus
Epex DAM (M-1),Belpex,2026-07,1,112.067,0.0,112.13,0.9994,luminus
Epex DAM (trimestre),Belpex,2026-07,1,94.222,0.0,94.28,0.9994,luminus
Epex DAM (M-1),Belpex,2026-08,1,109.287,0.0,109.25,1.0003,luminus
Epex DAM (trimestre),Belpex,2026-08,1,94.227,0.0,94.28,0.9994,luminus
Epex DAM (M-1),Belpex,2026-09,1,129.346,0.0,129.32,1.0002,luminus
Epex DAM (trimestre),Belpex,2026-09,1,94.227,0.0,94.28,0.9994,luminus
Epex DAM (M-1),Belpex RLP M,2026-03,1,87.389,0.0,85.13,1.0265,luminus
Epex DAM (M-1),Belpex-RLP-M,2026-04,1,101.299,0.0,92.57,1.0943,energyvision
Epex DAM,Belpex-RLP-M,2026-05,1,100.719,0.0,91.77,1.0975,energyvision
Endex 101,ENDEX101,2026-01,4,93.922,0.0,93.92,1.0,engie
Endex 101,ENDEX101,2026-02,4,106.509,0.0,106.51,1.0,engie
Endex 101,ENDEX101,2026-03,2,80.787,0.0,80.79,1.0,engie
Endex 101,ENDEX101,2026-04,2,100.86,0.0,100.86,1.0,engie
Endex 101,ENDEX101,2026-05,2,83.849,0.0,83.85,1.0,engie
Endex 101,ENDEX101,2026-06,4,91.549,0.0,91.55,1.0,engie
Endex 101,ENDEX101,2026-07,4,97.672,0.0,97.67,1.0,engie
Endex 101,ENDEX101,2026-08,2,118.121,0.0,118.12,1.0,engie
Endex 101,ENDEX101,2026-09,2,134.509,0.0,134.51,1.0,engie
Epex DAM (M-1),EPEXDAM,2026-01,14,85.35,0.0,85.35,1.0,engie
Epex DAM (M-1),EPEXDAM,2026-02,14,108.52,0.0,108.52,1.0,engie
Epex DAM (M-1),EPEXDAM,2026-03,7,85.129,0.0,85.13,1.0,engie
Epex DAM (M-1),EPEXDAM,2026-04,7,92.573,0.0,92.57,1.0,engie
Epex DAM (M-1),EPEXDAM,2026-05,7,78.94,0.0,78.94,1.0,engie
Epex DAM (M-1),EPEXDAM,2026-06,14,85.355,15.03,91.77,0.9301,engie
Epex DAM (M-1),EPEXDAM,2026-07,14,112.13,0.0,112.13,1.0,engie
Epex DAM (M-1),EPEXDAM,2026-08,7,109.248,0.0,109.25,1.0,engie
Epex DAM (M-1),EPEXDAM,2026-09,7,129.32,0.0,129.32,1.0,engie
Epex DAM (M-1),Epex,2026-01,7,83.387,7.42,85.35,0.977,mega
Epex DAM,Epex,2026-02,8,91.573,38.64,85.13,1.0757,mega
Epex DAM (M-1),Epex,2026-03,7,82.57,53.75,85.13,0.9699,mega
Epex DAM (M-1),Epex,2026-04,10,115.631,16.36,92.57,1.2491,mega
Epex DAM,Epex,2026-05,11,100.705,17.88,91.77,1.0974,mega
Epex DAM,Epex,2026-06,4,105.574,0.04,112.13,0.9415,mega
Epex DAM,Epex,2026-07,4,103.449,0.04,109.25,0.9469,mega
Epex DAM,Epex,2026-08,4,127.512,0.03,129.32,0.986,mega
Epex DAM (M-1),Epex,2026-09,2,133.997,0.02,129.32,1.0362,mega
Epex DAM (M-1),Epex RLP,2026-01,2,85.986,6.05,85.35,1.0074,octa
Epex DAM,Epex RLP,2026-02,2,94.4,6.01,85.13,1.1089,octa
Epex DAM (M-1),Epex RLP,2026-03,2,85.161,6.03,85.13,1.0004,octa
Epex DAM (M-1),Epex RLP,2026-04,3,115.646,0.02,92.57,1.2493,octa
Epex DAM,Epex RLP,2026-05,3,100.717,0.02,91.77,1.0975,octa
Epex DAM,Epex RLP,2026-06,2,108.86,6.01,112.13,0.9708,octa
Epex DAM (M-1),Epex RLP M,2026-04,1,122.756,0.0,92.57,1.3261,octa
Epex DAM,Epex RLP M,2026-06,2,108.86,6.01,112.13,0.9708,octa
Epex DAM,Epex RLP M,2026-07,4,106.562,5.89,109.25,0.9754,octa
Epex DAM,Epex RLP M,2026-08,4,127.494,0.01,129.32,0.9859,octa
Epex DAM (M-1),Epex RLP M,2026-09,2,134.002,0.01,129.32,1.0362,octa
TTF DAM (M-1),TTF,2026-02,1,34.537,0.0,34.397,1.0041,mega
TTF DAM (M-1),TTF,2026-04,1,54.507,0.0,52.466,1.0389,mega
TTF DAM (M-1),TTF,2026-05,1,45.833,0.0,45.348,1.0107,mega
TTF DAM,TTF,2026-06,1,44.637,0.0,44.653,0.9996,mega
TTF DAM (M-1),TTF,2026-07,1,42.407,0.0,44.653,0.9497,mega
TTF DAM (M-1),TTF,2026-08,1,55.468,0.0,53.788,1.0312,mega
TTF DAM (M-1),TTF,2026-09,1,62.369,0.0,61.807,1.0091,mega
TTF DAM (M-1),TTF DAH M,2026-01,1,30.284,0.0,27.631,1.096,luminus
TTF DAM (M-1),TTF DAH M,2026-02,1,34.163,0.0,34.397,0.9932,luminus
TTF DAM (M-1),TTF DAH M,2026-03,1,33.031,0.0,32.916,1.0035,luminus
TTF DAM (M-1),TTF DAH M,2026-04,1,51.238,0.0,52.466,0.9766,luminus
TTF DAM (M-1),TTF DAH M,2026-05,1,45.389,0.0,45.348,1.0009,luminus
TTF DAM (M-1),TTF DAH M,2026-06,1,46.899,0.0,47.141,0.9949,luminus
TTF DAM (M-1),TTF DAH M,2026-07,1,44.635,0.0,44.653,0.9996,luminus
TTF DAM (M-1),TTF DAH M,2026-08,1,53.165,0.0,53.788,0.9884,luminus
TTF DAM (M-1),TTF DAH M,2026-09,1,61.458,0.0,61.807,0.9944,luminus
TTF DAM (trimestre),TTF DAHW,2026-01,1,30.018,0.0,30.041,0.9992,luminus
TTF DAM (trimestre),TTF DAHW,2026-02,1,30.086,0.0,30.041,1.0015,luminus
TTF DAM (trimestre),TTF DAHW,2026-03,1,30.086,0.0,30.041,1.0015,luminus
TTF DAM (trimestre),TTF DAHW,2026-04,1,39.708,0.0,39.926,0.9945,luminus
TTF DAM (trimestre),TTF DAHW,2026-05,1,39.708,0.0,39.926,0.9945,luminus
TTF DAM (trimestre),TTF DAHW,2026-06,1,39.708,0.0,39.926,0.9945,luminus
TTF DAM (trimestre),TTF DAHW,2026-07,1,45.652,0.0,45.714,0.9986,luminus
TTF DAM (trimestre),TTF DAHW,2026-08,1,45.651,0.0,45.714,0.9986,luminus
TTF DAM (trimestre),TTF DAHW,2026-09,1,45.651,0.0,45.714,0.9986,luminus
TTF DAM (M-1),TTFDAW-RLP-M,2026-01,1,27.62,0.0,27.631,0.9996,eneco
TTF DAM (M-1),TTFDAW-RLP-M,2026-02,1,34.224,0.0,34.397,0.995,eneco
TTF DAM (M-1),TTFDAW-RLP-M,2026-03,1,33.092,0.0,32.916,1.0054,eneco
TTF DAM (M-1),TTFDAW-RLP-M,2026-04,1,50.675,0.0,52.466,0.9659,eneco
TTF DAM (M-1),TTFDAW-RLP-M,2026-05,1,45.864,0.0,45.348,1.0114,eneco
TTF DAM (M-1),TTFDAW-RLP-M,2026-06,1,46.713,0.0,47.141,0.9909,eneco
TTF DAM (M-1),TTFDAW-RLP-M,2026-07,1,44.92,0.0,44.653,1.006,eneco
TTF DAM (M-1),TTFDAW-RLP-M,2026-08,1,53.034,0.0,53.788,0.986,eneco
TTF DAM (M-1),TTFDAW-RLP-M,2026-09,1,61.618,0.0,61.807,0.9969,eneco
TTF DAM (M-1),TTFM_RLP,2026-03,1,31.476,0.0,32.916,0.9563,total
TTF DAM (M-1),TTF_M_RLP,2026-01,4,27.456,9.26,27.631,0.9937,total
TTF DAM,TTF_M_RLP,2026-02,4,33.442,7.13,32.916,1.016,total
TTF DAM (M-1),TTF_M_RLP,2026-03,5,34.161,7.96,32.916,1.0378,total
TTF DAM (M-1),TTF_M_RLP,2026-04,4,50.255,17.01,52.466,0.9579,total
TTF DAM (M-1),TTF_M_RLP,2026-05,4,46.207,1.16,45.348,1.0189,total
TTF DAM,TTF_M_RLP,2026-06,4,44.662,0.19,44.653,1.0002,total
TTF DAM (M-1),TTF_M_RLP,2026-07,4,42.8,1.16,44.653,0.9585,total
TTF DAM (M-1),TTF_M_RLP,2026-08,4,57.55,7.3,53.788,1.0699,total
TTF DAM (M-1),TTF_M_RLP,2026-09,4,62.423,13.83,61.807,1.01,total
ZTP DAM (M-1),ZTP,2026-01,7,27.079,0.07,27.828,0.9731,mega
ZTP DAM (M-1),ZTP,2026-02,7,34.504,1.18,34.508,0.9999,mega
ZTP DAM (M-1),ZTP,2026-03,6,32.685,0.57,32.291,1.0122,mega
ZTP DAM (M-1),ZTP,2026-04,9,54.071,0.03,50.649,1.0676,mega
ZTP DAM (M-1),ZTP,2026-05,10,45.556,1.26,44.672,1.0198,mega
ZTP DAM,ZTP,2026-06,4,44.2,0.06,44.345,0.9967,mega
ZTP DAM (M-1),ZTP,2026-07,4,42.222,0.52,44.345,0.9521,mega
ZTP DAM (M-1),ZTP,2026-08,4,55.215,0.07,53.116,1.0395,mega
ZTP DAM (M-1),ZTP,2026-09,3,62.203,13.99,61.537,1.0108,mega
ZTP DAM (M-1),ZTP-RLP-M,2026-04,1,54.094,0.0,50.649,1.068,energyvision
ZTP DAM (M-1),ZTP-RLP-M,2026-05,1,45.1,0.0,44.672,1.0096,energyvision
ZTP 101,ZTP101 (Heren),2026-01,4,29.089,9.24,27.748,1.0483,engie
ZTP 101,ZTP101 (Heren),2026-02,4,31.086,21.46,34.417,0.9032,engie
ZTP 101,ZTP101 (Heren),2026-03,2,31.059,0.0,31.055,1.0001,engie
ZTP 101,ZTP101 (Heren),2026-04,2,52.442,0.0,52.445,0.9999,engie
ZTP 101,ZTP101 (Heren),2026-05,4,48.375,16.83,44.309,1.0918,engie
ZTP 101,ZTP101 (Heren),2026-06,4,45.519,5.3,46.722,0.9742,engie
ZTP 101 (M-1),ZTP101 (Heren),2026-07,4,45.577,5.03,46.722,0.9755,engie
ZTP 101 (M-1),ZTP101 (Heren),2026-08,4,49.016,18.72,44.429,1.1032,engie
ZTP 101,ZTP101 (Heren),2026-09,4,57.687,14.14,61.768,0.9339,engie
ZTP DAM (M-1),ZTPDAM (Heren),2026-01,13,27.828,0.02,27.828,1.0,engie
ZTP DAM,ZTPDAM (Heren),2026-02,14,31.168,21.45,32.291,0.9652,engie
ZTP DAM (M-1),ZTPDAM (Heren),2026-03,7,32.287,6.63,32.291,0.9999,engie
ZTP DAM (M-1),ZTPDAM (Heren),2026-04,7,54.299,0.67,50.649,1.0721,engie
ZTP DAM (M-1),ZTPDAM (Heren),2026-05,7,44.674,0.0,44.672,1.0,engie
ZTP DAM (M-1),ZTPDAM (Heren),2026-06,14,45.614,4.14,46.56,0.9797,engie
ZTP DAM (M-1),ZTPDAM (Heren),2026-07,7,44.344,0.01,44.345,1.0,engie
ZTP DAM (M-1),ZTPDAM (Heren),2026-08,7,53.112,0.0,53.116,0.9999,engie
ZTP DAM (M-1),ZTPDAM (Heren),2026-09,7,61.538,0.0,61.537,1.0,engie
